,model,precision,recall,F1,accuracy,AUC
0,Decision Tree: train,0.9665270547085739,0.9171651590312226,0.941088777775813,0.9809571625813625,0.9711233619544408
0,Decision Tree: test,0.9708994708994709,0.9221105527638191,0.9458762886597938,0.9824927052938724,0.9583066506947531
0,Random Forest: train,0.9712898452533933,0.9071289084420103,0.9379822461046667,0.9801232114491983,0.9818208914308065
0,Random Forest: test,0.973404255319149,0.9195979899497487,0.9457364341085271,0.9824927052938724,0.9573002443501868
0,Decision Tree: validation,0.9732620320855615,0.914572864321608,0.9430051813471503,0.981651376146789,0.954786432160804
